Date,away_team,away_score,home_team,home_score,margin,home_win
2025-10-21,Houston Rockets,124.0,Oklahoma City Thunder,125.0,1.0,1
2025-10-21,Golden State Warriors,119.0,Los Angeles Lakers,109.0,-10.0,0
2025-10-22,Brooklyn Nets,117.0,Charlotte Hornets,136.0,19.0,1
2025-10-22,Cleveland Cavaliers,111.0,New York Knicks,119.0,8.0,1
2025-10-22,Miami Heat,121.0,Orlando Magic,125.0,4.0,1
2025-10-22,Philadelphia 76ers,117.0,Boston Celtics,116.0,-1.0,0
2025-10-22,Toronto Raptors,138.0,Atlanta Hawks,118.0,-20.0,0
2025-10-22,Detroit Pistons,111.0,Chicago Bulls,115.0,4.0,1
2025-10-22,New Orleans Pelicans,122.0,Memphis Grizzlies,128.0,6.0,1
2025-10-22,Washington Wizards,120.0,Milwaukee Bucks,133.0,13.0,1
2025-10-22,Los Angeles Clippers,108.0,Utah Jazz,129.0,21.0,1
2025-10-22,San Antonio Spurs,125.0,Dallas Mavericks,92.0,-33.0,0
2025-10-22,Minnesota Timberwolves,118.0,Portland Trail Blazers,114.0,-4.0,0
2025-10-22,Sacramento Kings,116.0,Phoenix Suns,120.0,4.0,1
2025-10-23,Oklahoma City Thunder,141.0,Indiana Pacers,135.0,-6.0,0
2025-10-23,Denver Nuggets,131.0,Golden State Warriors,137.0,6.0,1
2025-10-24,Milwaukee Bucks,122.0,Toronto Raptors,116.0,-6.0,0
2025-10-24,Atlanta Hawks,111.0,Orlando Magic,107.0,-4.0,0
2025-10-24,Cleveland Cavaliers,131.0,Brooklyn Nets,124.0,-7.0,0
2025-10-24,Boston Celtics,95.0,New York Knicks,105.0,10.0,1
2025-10-24,Detroit Pistons,115.0,Houston Rockets,111.0,-4.0,0
2025-10-24,San Antonio Spurs,120.0,New Orleans Pelicans,116.0,-4.0,0
2025-10-24,Miami Heat,146.0,Memphis Grizzlies,114.0,-32.0,0
2025-10-24,Washington Wizards,117.0,Dallas Mavericks,107.0,-10.0,0
2025-10-24,Minnesota Timberwolves,110.0,Los Angeles Lakers,128.0,18.0,1
2025-10-24,Golden State Warriors,119.0,Portland Trail Blazers,139.0,20.0,1
2025-10-24,Utah Jazz,104.0,Sacramento Kings,105.0,1.0,1
2025-10-24,Phoenix Suns,102.0,Los Angeles Clippers,129.0,27.0,1
2025-10-25,Chicago Bulls,110.0,Orlando Magic,98.0,-12.0,0
2025-10-25,Oklahoma City Thunder,117.0,Atlanta Hawks,100.0,-17.0,0
2025-10-25,Charlotte Hornets,121.0,Philadelphia 76ers,125.0,4.0,1
2025-10-25,Indiana Pacers,103.0,Memphis Grizzlies,128.0,25.0,1
2025-10-25,Phoenix Suns,111.0,Denver Nuggets,133.0,22.0,1
2025-10-26,Brooklyn Nets,107.0,San Antonio Spurs,118.0,11.0,1
2025-10-26,Boston Celtics,113.0,Detroit Pistons,119.0,6.0,1
2025-10-26,Charlotte Hornets,139.0,Washington Wizards,113.0,-26.0,0
2025-10-26,New York Knicks,107.0,Miami Heat,115.0,8.0,1
2025-10-26,Milwaukee Bucks,113.0,Cleveland Cavaliers,118.0,5.0,1
2025-10-26,Indiana Pacers,110.0,Minnesota Timberwolves,114.0,4.0,1
2025-10-26,Toronto Raptors,129.0,Dallas Mavericks,139.0,10.0,1
2025-10-26,Los Angeles Lakers,127.0,Sacramento Kings,120.0,-7.0,0
2025-10-26,Portland Trail Blazers,107.0,Los Angeles Clippers,114.0,7.0,1
2025-10-27,Cleveland Cavaliers,116.0,Detroit Pistons,95.0,-21.0,0
2025-10-27,Orlando Magic,124.0,Philadelphia 76ers,136.0,12.0,1
2025-10-27,Atlanta Hawks,123.0,Chicago Bulls,128.0,5.0,1
2025-10-27,Brooklyn Nets,109.0,Houston Rockets,137.0,28.0,1
2025-10-27,Boston Celtics,122.0,New Orleans Pelicans,90.0,-32.0,0
2025-10-27,Toronto Raptors,103.0,San Antonio Spurs,121.0,18.0,1
2025-10-27,Oklahoma City Thunder,101.0,Dallas Mavericks,94.0,-7.0,0
2025-10-27,Phoenix Suns,134.0,Utah Jazz,138.0,4.0,1
2025-10-27,Denver Nuggets,127.0,Minnesota Timberwolves,114.0,-13.0,0
2025-10-27,Memphis Grizzlies,118.0,Golden State Warriors,131.0,13.0,1
2025-10-27,Portland Trail Blazers,122.0,Los Angeles Lakers,108.0,-14.0,0
2025-10-28,Philadelphia 76ers,139.0,Washington Wizards,134.0,-5.0,0
2025-10-28,Charlotte Hornets,117.0,Miami Heat,144.0,27.0,1
2025-10-28,New York Knicks,111.0,Milwaukee Bucks,121.0,10.0,1
2025-10-28,Sacramento Kings,101.0,Oklahoma City Thunder,107.0,6.0,1
2025-10-28,Los Angeles Clippers,79.0,Golden State Warriors,98.0,19.0,1
2025-10-29,Houston Rockets,139.0,Toronto Raptors,121.0,-18.0,0
2025-10-29,Cleveland Cavaliers,105.0,Boston Celtics,125.0,20.0,1
2025-10-29,Orlando Magic,116.0,Detroit Pistons,135.0,19.0,1
2025-10-29,Atlanta Hawks,117.0,Brooklyn Nets,112.0,-5.0,0
2025-10-29,Sacramento Kings,113.0,Chicago Bulls,126.0,13.0,1
2025-10-29,Indiana Pacers,105.0,Dallas Mavericks,107.0,2.0,1
2025-10-29,Portland Trail Blazers,136.0,Utah Jazz,134.0,-2.0,0
2025-10-29,New Orleans Pelicans,88.0,Denver Nuggets,122.0,34.0,1
2025-10-29,Los Angeles Lakers,116.0,Minnesota Timberwolves,115.0,-1.0,0
2025-10-29,Memphis Grizzlies,114.0,Phoenix Suns,113.0,-1.0,0
2025-10-30,Orlando Magic,123.0,Charlotte Hornets,107.0,-16.0,0
2025-10-30,Golden State Warriors,110.0,Milwaukee Bucks,120.0,10.0,1
2025-10-30,Washington Wizards,108.0,Oklahoma City Thunder,127.0,19.0,1
2025-10-30,Miami Heat,101.0,San Antonio Spurs,107.0,6.0,1
2025-10-31,Atlanta Hawks,128.0,Indiana Pacers,108.0,-20.0,0
2025-10-31,Boston Celtics,109.0,Philadelphia 76ers,108.0,-1.0,0
2025-10-31,Toronto Raptors,112.0,Cleveland Cavaliers,101.0,-11.0,0
2025-10-31,New York Knicks,125.0,Chicago Bulls,135.0,10.0,1
2025-10-31,Los Angeles Lakers,117.0,Memphis Grizzlies,112.0,-5.0,0
2025-10-31,Utah Jazz,96.0,Phoenix Suns,118.0,22.0,1
2025-10-31,Denver Nuggets,107.0,Portland Trail Blazers,109.0,2.0,1
2025-10-31,New Orleans Pelicans,124.0,Los Angeles Clippers,126.0,2.0,1
2025-11-01,Sacramento Kings,135.0,Milwaukee Bucks,133.0,-2.0,0
2025-11-01,Minnesota Timberwolves,122.0,Charlotte Hornets,105.0,-17.0,0
2025-11-01,Golden State Warriors,109.0,Indiana Pacers,114.0,5.0,1
2025-11-01,Orlando Magic,125.0,Washington Wizards,94.0,-31.0,0
2025-11-01,Houston Rockets,128.0,Boston Celtics,101.0,-27.0,0
2025-11-01,Dallas Mavericks,110.0,Detroit Pistons,122.0,12.0,1
2025-11-02,New Orleans Pelicans,106.0,Oklahoma City Thunder,137.0,31.0,1
2025-11-02,Philadelphia 76ers,129.0,Brooklyn Nets,105.0,-24.0,0
2025-11-02,Utah Jazz,103.0,Charlotte Hornets,126.0,23.0,1
2025-11-02,Atlanta Hawks,109.0,Cleveland Cavaliers,117.0,8.0,1
2025-11-02,Memphis Grizzlies,104.0,Toronto Raptors,117.0,13.0,1
2025-11-02,Chicago Bulls,116.0,New York Knicks,128.0,12.0,1
2025-11-02,San Antonio Spurs,118.0,Phoenix Suns,130.0,12.0,1
2025-11-02,Miami Heat,120.0,Los Angeles Lakers,130.0,10.0,1
2025-11-03,Minnesota Timberwolves,125.0,Brooklyn Nets,109.0,-16.0,0
2025-11-03,Milwaukee Bucks,117.0,Indiana Pacers,115.0,-2.0,0
2025-11-03,Utah Jazz,105.0,Boston Celtics,103.0,-2.0,0
2025-11-03,Washington Wizards,102.0,New York Knicks,119.0,17.0,1
2025-11-03,Dallas Mavericks,102.0,Houston Rockets,110.0,8.0,1
2025-11-03,Detroit Pistons,114.0,Memphis Grizzlies,106.0,-8.0,0
2025-11-03,Sacramento Kings,124.0,Denver Nuggets,130.0,6.0,1
2025-11-03,Los Angeles Lakers,123.0,Portland Trail Blazers,115.0,-8.0,0
2025-11-03,Miami Heat,120.0,Los Angeles Clippers,119.0,-1.0,0
2025-11-04,Milwaukee Bucks,100.0,Toronto Raptors,128.0,28.0,1
2025-11-04,Orlando Magic,112.0,Atlanta Hawks,127.0,15.0,1
2025-11-04,Philadelphia 76ers,111.0,Chicago Bulls,113.0,2.0,1
2025-11-04,Charlotte Hornets,112.0,New Orleans Pelicans,116.0,4.0,1
2025-11-04,Phoenix Suns,107.0,Golden State Warriors,118.0,11.0,1
2025-11-04,Oklahoma City Thunder,126.0,Los Angeles Clippers,107.0,-19.0,0
2025-11-05,Philadelphia 76ers,121.0,Cleveland Cavaliers,132.0,11.0,1
2025-11-05,Utah Jazz,103.0,Detroit Pistons,114.0,11.0,1
2025-11-05,Brooklyn Nets,112.0,Indiana Pacers,103.0,-9.0,0
2025-11-05,Washington Wizards,107.0,Boston Celtics,136.0,29.0,1
2025-11-05,Minnesota Timberwolves,114.0,New York Knicks,137.0,23.0,1
2025-11-05,Houston Rockets,124.0,Memphis Grizzlies,109.0,-15.0,0
2025-11-05,New Orleans Pelicans,101.0,Dallas Mavericks,99.0,-2.0,0
2025-11-05,Miami Heat,112.0,Denver Nuggets,122.0,10.0,1
2025-11-05,San Antonio Spurs,116.0,Los Angeles Lakers,118.0,2.0,1
2025-11-05,Oklahoma City Thunder,119.0,Portland Trail Blazers,121.0,2.0,1
2025-11-05,Golden State Warriors,116.0,Sacramento Kings,121.0,5.0,1
2025-11-06,Los Angeles Clippers,102.0,Phoenix Suns,115.0,13.0,1
2025-11-07,Boston Celtics,110.0,Orlando Magic,123.0,13.0,1
2025-11-07,Cleveland Cavaliers,148.0,Washington Wizards,115.0,-33.0,0
2025-11-07,Toronto Raptors,109.0,Atlanta Hawks,97.0,-12.0,0
2025-11-07,Detroit Pistons,125.0,Brooklyn Nets,107.0,-18.0,0
2025-11-07,Houston Rockets,110.0,San Antonio Spurs,121.0,11.0,1
2025-11-07,Dallas Mavericks,104.0,Memphis Grizzlies,118.0,14.0,1
2025-11-07,Charlotte Hornets,108.0,Miami Heat,126.0,18.0,1
2025-11-07,Chicago Bulls,110.0,Milwaukee Bucks,126.0,16.0,1
2025-11-07,Utah Jazz,97.0,Minnesota Timberwolves,137.0,40.0,1
2025-11-07,Golden State Warriors,104.0,Denver Nuggets,129.0,25.0,1
2025-11-07,Oklahoma City Thunder,132.0,Sacramento Kings,101.0,-31.0,0
2025-11-08,Dallas Mavericks,111.0,Washington Wizards,105.0,-6.0,0
2025-11-08,Toronto Raptors,120.0,Philadelphia 76ers,130.0,10.0,1
2025-11-08,Los Angeles Lakers,102.0,Atlanta Hawks,122.0,20.0,1
2025-11-08,Chicago Bulls,122.0,Cleveland Cavaliers,128.0,6.0,1
2025-11-08,Portland Trail Blazers,131.0,Miami Heat,136.0,5.0,1
2025-11-08,New Orleans Pelicans,119.0,San Antonio Spurs,126.0,7.0,1
2025-11-08,Indiana Pacers,100.0,Denver Nuggets,117.0,17.0,1
2025-11-08,Phoenix Suns,114.0,Los Angeles Clippers,103.0,-11.0,0
2025-11-09,Houston Rockets,122.0,Milwaukee Bucks,115.0,-7.0,0
2025-11-09,Oklahoma City Thunder,114.0,Memphis Grizzlies,100.0,-14.0,0
2025-11-09,Brooklyn Nets,98.0,New York Knicks,134.0,36.0,1
2025-11-09,Boston Celtics,111.0,Orlando Magic,107.0,-4.0,0
2025-11-09,Detroit Pistons,111.0,Philadelphia 76ers,108.0,-3.0,0
2025-11-09,Indiana Pacers,83.0,Golden State Warriors,114.0,31.0,1
2025-11-09,Minnesota Timberwolves,144.0,Sacramento Kings,117.0,-27.0,0
2025-11-10,Los Angeles Lakers,121.0,Charlotte Hornets,111.0,-10.0,0
2025-11-10,Washington Wizards,135.0,Detroit Pistons,137.0,2.0,1
2025-11-10,Portland Trail Blazers,112.0,Orlando Magic,115.0,3.0,1
2025-11-10,Cleveland Cavaliers,138.0,Miami Heat,140.0,2.0,1
2025-11-10,San Antonio Spurs,121.0,Chicago Bulls,117.0,-4.0,0
2025-11-10,Milwaukee Bucks,116.0,Dallas Mavericks,114.0,-2.0,0
2025-11-10,New Orleans Pelicans,98.0,Phoenix Suns,121.0,23.0,1
2025-11-10,Minnesota Timberwolves,120.0,Utah Jazz,113.0,-7.0,0
2025-11-10,Atlanta Hawks,105.0,Los Angeles Clippers,102.0,-3.0,0
2025-11-11,Toronto Raptors,119.0,Brooklyn Nets,109.0,-10.0,0
2025-11-11,Memphis Grizzlies,120.0,New York Knicks,133.0,13.0,1
2025-11-11,Golden State Warriors,102.0,Oklahoma City Thunder,126.0,24.0,1
2025-11-11,Boston Celtics,100.0,Philadelphia 76ers,102.0,2.0,1
2025-11-11,Indiana Pacers,128.0,Utah Jazz,152.0,24.0,1
2025-11-11,Denver Nuggets,122.0,Sacramento Kings,108.0,-14.0,0
2025-11-12,Milwaukee Bucks,100.0,Charlotte Hornets,111.0,11.0,1
2025-11-12,Chicago Bulls,113.0,Detroit Pistons,124.0,11.0,1
2025-11-12,Orlando Magic,124.0,New York Knicks,107.0,-17.0,0
2025-11-12,Memphis Grizzlies,95.0,Boston Celtics,131.0,36.0,1
2025-11-12,Cleveland Cavaliers,130.0,Miami Heat,116.0,-14.0,0
2025-11-12,Washington Wizards,112.0,Houston Rockets,135.0,23.0,1
2025-11-12,Portland Trail Blazers,125.0,New Orleans Pelicans,117.0,-8.0,0
2025-11-12,Golden State Warriors,125.0,San Antonio Spurs,120.0,-5.0,0
2025-11-12,Phoenix Suns,123.0,Dallas Mavericks,114.0,-9.0,0
2025-11-12,Los Angeles Lakers,92.0,Oklahoma City Thunder,121.0,29.0,1
2025-11-12,Atlanta Hawks,133.0,Sacramento Kings,100.0,-33.0,0
2025-11-12,Denver Nuggets,130.0,Los Angeles Clippers,116.0,-14.0,0
2025-11-13,Toronto Raptors,126.0,Cleveland Cavaliers,113.0,-13.0,0
2025-11-13,Indiana Pacers,98.0,Phoenix Suns,133.0,35.0,1
2025-11-13,Atlanta Hawks,132.0,Utah Jazz,122.0,-10.0,0
2025-11-14,Miami Heat,132.0,New York Knicks,140.0,8.0,1
2025-11-14,Brooklyn Nets,98.0,Orlando Magic,105.0,7.0,1
2025-11-14,Philadelphia 76ers,105.0,Detroit Pistons,114.0,9.0,1
2025-11-14,Portland Trail Blazers,116.0,Houston Rockets,140.0,24.0,1
2025-11-14,Charlotte Hornets,134.0,Milwaukee Bucks,147.0,13.0,1
2025-11-14,Sacramento Kings,110.0,Minnesota Timberwolves,124.0,14.0,1
2025-11-14,Los Angeles Lakers,118.0,New Orleans Pelicans,104.0,-14.0,0
2025-11-14,Los Angeles Clippers,133.0,Dallas Mavericks,127.0,-6.0,0
2025-11-14,Golden State Warriors,109.0,San Antonio Spurs,108.0,-1.0,0
2025-11-15,Memphis Grizzlies,100.0,Cleveland Cavaliers,108.0,8.0,1
2025-11-15,Oklahoma City Thunder,109.0,Charlotte Hornets,96.0,-13.0,0
2025-11-15,Toronto Raptors,129.0,Indiana Pacers,111.0,-18.0,0
2025-11-15,Los Angeles Lakers,119.0,Milwaukee Bucks,95.0,-24.0,0
2025-11-15,Denver Nuggets,123.0,Minnesota Timberwolves,112.0,-11.0,0
2025-11-16,Los Angeles Clippers,118.0,Boston Celtics,121.0,3.0,1
2025-11-16,Sacramento Kings,110.0,San Antonio Spurs,123.0,13.0,1
2025-11-16,Brooklyn Nets,129.0,Washington Wizards,106.0,-23.0,0
2025-11-16,Orlando Magic,113.0,Houston Rockets,117.0,4.0,1
2025-11-16,Golden State Warriors,124.0,New Orleans Pelicans,106.0,-18.0,0
2025-11-16,Portland Trail Blazers,133.0,Dallas Mavericks,138.0,5.0,1
2025-11-16,Atlanta Hawks,124.0,Phoenix Suns,122.0,-2.0,0
2025-11-16,Chicago Bulls,147.0,Utah Jazz,150.0,3.0,1
2025-11-17,Milwaukee Bucks,106.0,Cleveland Cavaliers,118.0,12.0,1
2025-11-17,Indiana Pacers,112.0,Detroit Pistons,127.0,15.0,1
2025-11-17,Los Angeles Clippers,108.0,Philadelphia 76ers,110.0,2.0,1
2025-11-17,New York Knicks,113.0,Miami Heat,115.0,2.0,1
2025-11-17,Charlotte Hornets,108.0,Toronto Raptors,110.0,2.0,1
2025-11-17,Dallas Mavericks,96.0,Minnesota Timberwolves,120.0,24.0,1
2025-11-17,Oklahoma City Thunder,126.0,New Orleans Pelicans,109.0,-17.0,0
2025-11-17,Chicago Bulls,130.0,Denver Nuggets,127.0,-3.0,0
2025-11-18,Golden State Warriors,113.0,Orlando Magic,121.0,8.0,1
2025-11-18,Detroit Pistons,120.0,Atlanta Hawks,112.0,-8.0,0
2025-11-18,Boston Celtics,113.0,Brooklyn Nets,99.0,-14.0,0
2025-11-18,Memphis Grizzlies,101.0,San Antonio Spurs,111.0,10.0,1
2025-11-18,Utah Jazz,126.0,Los Angeles Lakers,140.0,14.0,1
2025-11-18,Phoenix Suns,127.0,Portland Trail Blazers,110.0,-17.0,0
2025-11-19,Houston Rockets,114.0,Cleveland Cavaliers,104.0,-10.0,0
2025-11-19,Charlotte Hornets,118.0,Indiana Pacers,127.0,9.0,1
2025-11-19,Toronto Raptors,121.0,Philadelphia 76ers,112.0,-9.0,0
2025-11-19,Golden State Warriors,96.0,Miami Heat,110.0,14.0,1
2025-11-19,Washington Wizards,109.0,Minnesota Timberwolves,120.0,11.0,1
2025-11-19,Denver Nuggets,125.0,New Orleans Pelicans,118.0,-7.0,0
2025-11-19,Sacramento Kings,99.0,Oklahoma City Thunder,113.0,14.0,1
2025-11-19,New York Knicks,113.0,Dallas Mavericks,111.0,-2.0,0
2025-11-19,Chicago Bulls,122.0,Portland Trail Blazers,121.0,-1.0,0
2025-11-20,Los Angeles Clippers,101.0,Orlando Magic,129.0,28.0,1
2025-11-20,Sacramento Kings,96.0,Memphis Grizzlies,137.0,41.0,1
2025-11-20,Philadelphia 76ers,123.0,Milwaukee Bucks,114.0,-9.0,0
2025-11-20,Atlanta Hawks,126.0,San Antonio Spurs,135.0,9.0,1
2025-11-21,Indiana Pacers,109.0,Cleveland Cavaliers,120.0,11.0,1
2025-11-21,Brooklyn Nets,113.0,Boston Celtics,105.0,-8.0,0
2025-11-21,Washington Wizards,110.0,Toronto Raptors,140.0,30.0,1
2025-11-21,Miami Heat,143.0,Chicago Bulls,107.0,-36.0,0
2025-11-21,New Orleans Pelicans,115.0,Dallas Mavericks,118.0,3.0,1
2025-11-21,Minnesota Timberwolves,113.0,Phoenix Suns,114.0,1.0,1
2025-11-21,Denver Nuggets,112.0,Houston Rockets,109.0,-3.0,0
2025-11-21,Portland Trail Blazers,127.0,Golden State Warriors,123.0,-4.0,0
2025-11-21,Oklahoma City Thunder,144.0,Utah Jazz,112.0,-32.0,0
2025-11-22,Los Angeles Clippers,131.0,Charlotte Hornets,116.0,-15.0,0
2025-11-22,New York Knicks,121.0,Orlando Magic,133.0,12.0,1
2025-11-22,Atlanta Hawks,115.0,New Orleans Pelicans,98.0,-17.0,0
2025-11-22,Washington Wizards,120.0,Chicago Bulls,121.0,1.0,1
2025-11-22,Detroit Pistons,129.0,Milwaukee Bucks,116.0,-13.0,0
2025-11-22,Memphis Grizzlies,102.0,Dallas Mavericks,96.0,-6.0,0
2025-11-22,Sacramento Kings,128.0,Denver Nuggets,123.0,-5.0,0
2025-11-23,Miami Heat,127.0,Philadelphia 76ers,117.0,-10.0,0
2025-11-23,Charlotte Hornets,110.0,Atlanta Hawks,113.0,3.0,1
2025-11-23,Orlando Magic,129.0,Boston Celtics,138.0,9.0,1
2025-11-23,Los Angeles Clippers,105.0,Cleveland Cavaliers,120.0,15.0,1
2025-11-23,Brooklyn Nets,109.0,Toronto Raptors,119.0,10.0,1
2025-11-23,Portland Trail Blazers,95.0,Oklahoma City Thunder,122.0,27.0,1
2025-11-23,San Antonio Spurs,102.0,Phoenix Suns,111.0,9.0,1
2025-11-23,Los Angeles Lakers,108.0,Utah Jazz,106.0,-2.0,0
2025-11-24,Detroit Pistons,122.0,Indiana Pacers,117.0,-5.0,0
2025-11-24,Cleveland Cavaliers,99.0,Toronto Raptors,110.0,11.0,1
2025-11-24,New York Knicks,113.0,Brooklyn Nets,100.0,-13.0,0
2025-11-24,Dallas Mavericks,102.0,Miami Heat,106.0,4.0,1
2025-11-24,Denver Nuggets,125.0,Memphis Grizzlies,115.0,-10.0,0
2025-11-24,Portland Trail Blazers,115.0,Milwaukee Bucks,103.0,-12.0,0
2025-11-24,Chicago Bulls,130.0,New Orleans Pelicans,143.0,13.0,1
2025-11-24,Houston Rockets,114.0,Phoenix Suns,92.0,-22.0,0
2025-11-24,Utah Jazz,117.0,Golden State Warriors,134.0,17.0,1
2025-11-24,Minnesota Timberwolves,112.0,Sacramento Kings,117.0,5.0,1
2025-11-25,Atlanta Hawks,113.0,Washington Wizards,132.0,19.0,1
2025-11-25,Orlando Magic,144.0,Philadelphia 76ers,103.0,-41.0,0
2025-11-25,Los Angeles Clippers,118.0,Los Angeles Lakers,135.0,17.0,1
2025-11-26,Detroit Pistons,114.0,Boston Celtics,117.0,3.0,1
2025-11-26,New York Knicks,129.0,Charlotte Hornets,101.0,-28.0,0
2025-11-26,Milwaukee Bucks,103.0,Miami Heat,106.0,3.0,1
2025-11-26,Minnesota Timberwolves,105.0,Oklahoma City Thunder,113.0,8.0,1
2025-11-26,Indiana Pacers,95.0,Toronto Raptors,97.0,2.0,1
2025-11-26,Memphis Grizzlies,133.0,New Orleans Pelicans,128.0,-5.0,0
2025-11-26,Houston Rockets,104.0,Golden State Warriors,100.0,-4.0,0
2025-11-26,San Antonio Spurs,115.0,Portland Trail Blazers,102.0,-13.0,0
2025-11-26,Phoenix Suns,112.0,Sacramento Kings,100.0,-12.0,0
2025-11-28,Cleveland Cavaliers,123.0,Atlanta Hawks,130.0,7.0,1
2025-11-28,Philadelphia 76ers,115.0,Brooklyn Nets,103.0,-12.0,0
2025-11-28,Chicago Bulls,116.0,Charlotte Hornets,123.0,7.0,1
2025-11-28,Orlando Magic,112.0,Detroit Pistons,109.0,-3.0,0
2025-11-28,Washington Wizards,86.0,Indiana Pacers,119.0,33.0,1
2025-11-28,Milwaukee Bucks,109.0,New York Knicks,118.0,9.0,1
2025-11-28,San Antonio Spurs,139.0,Denver Nuggets,136.0,-3.0,0
2025-11-28,Phoenix Suns,119.0,Oklahoma City Thunder,123.0,4.0,1
2025-11-28,Sacramento Kings,119.0,Utah Jazz,128.0,9.0,1
2025-11-28,Memphis Grizzlies,112.0,Los Angeles Clippers,107.0,-5.0,0
2025-11-28,Dallas Mavericks,119.0,Los Angeles Lakers,129.0,10.0,1
2025-11-29,Boston Celtics,115.0,Minnesota Timberwolves,119.0,4.0,1
2025-11-29,Toronto Raptors,111.0,Charlotte Hornets,118.0,7.0,1
2025-11-29,Chicago Bulls,101.0,Indiana Pacers,103.0,2.0,1
2025-11-29,Detroit Pistons,138.0,Miami Heat,135.0,-3.0,0
2025-11-29,Brooklyn Nets,99.0,Milwaukee Bucks,116.0,17.0,1
2025-11-29,New Orleans Pelicans,96.0,Golden State Warriors,104.0,8.0,1
2025-11-29,Denver Nuggets,130.0,Phoenix Suns,112.0,-18.0,0
2025-11-29,Dallas Mavericks,114.0,Los Angeles Clippers,110.0,-4.0,0
2025-11-30,Houston Rockets,129.0,Utah Jazz,101.0,-28.0,0
2025-11-30,Boston Celtics,117.0,Cleveland Cavaliers,115.0,-2.0,0
2025-11-30,Toronto Raptors,94.0,New York Knicks,116.0,22.0,1
2025-11-30,Atlanta Hawks,142.0,Philadelphia 76ers,134.0,-8.0,0
2025-11-30,Oklahoma City Thunder,123.0,Portland Trail Blazers,115.0,-8.0,0
2025-11-30,San Antonio Spurs,112.0,Minnesota Timberwolves,125.0,13.0,1
2025-11-30,Memphis Grizzlies,115.0,Sacramento Kings,107.0,-8.0,0
2025-11-30,New Orleans Pelicans,121.0,Los Angeles Lakers,133.0,12.0,1
2025-12-01,Atlanta Hawks,98.0,Detroit Pistons,99.0,1.0,1
2025-12-01,Cleveland Cavaliers,135.0,Indiana Pacers,119.0,-16.0,0
2025-12-01,Milwaukee Bucks,126.0,Washington Wizards,129.0,3.0,1
2025-12-01,Charlotte Hornets,103.0,Brooklyn Nets,116.0,13.0,1
2025-12-01,Los Angeles Clippers,123.0,Miami Heat,140.0,17.0,1
2025-12-01,Chicago Bulls,120.0,Orlando Magic,125.0,5.0,1
2025-12-01,Dallas Mavericks,131.0,Denver Nuggets,121.0,-10.0,0
2025-12-01,Houston Rockets,125.0,Utah Jazz,133.0,8.0,1
2025-12-01,Phoenix Suns,125.0,Los Angeles Lakers,108.0,-17.0,0
2025-12-02,Washington Wizards,102.0,Philadelphia 76ers,121.0,19.0,1
2025-12-02,Portland Trail Blazers,118.0,Toronto Raptors,121.0,3.0,1
2025-12-02,New York Knicks,117.0,Boston Celtics,123.0,6.0,1
2025-12-02,Minnesota Timberwolves,149.0,New Orleans Pelicans,142.0,-7.0,0
2025-12-02,Memphis Grizzlies,119.0,San Antonio Spurs,126.0,7.0,1
2025-12-02,Oklahoma City Thunder,124.0,Golden State Warriors,112.0,-12.0,0
2025-12-03,Portland Trail Blazers,122.0,Cleveland Cavaliers,110.0,-12.0,0
2025-12-03,Denver Nuggets,135.0,Indiana Pacers,120.0,-15.0,0
2025-12-03,San Antonio Spurs,114.0,Orlando Magic,112.0,-2.0,0
2025-12-03,Los Angeles Clippers,115.0,Atlanta Hawks,92.0,-23.0,0
2025-12-03,Charlotte Hornets,104.0,New York Knicks,119.0,15.0,1
2025-12-03,Brooklyn Nets,113.0,Chicago Bulls,103.0,-10.0,0
2025-12-03,Sacramento Kings,95.0,Houston Rockets,121.0,26.0,1
2025-12-03,Detroit Pistons,109.0,Milwaukee Bucks,113.0,4.0,1
2025-12-03,Miami Heat,108.0,Dallas Mavericks,118.0,10.0,1
2025-12-04,Golden State Warriors,98.0,Philadelphia 76ers,99.0,1.0,1
2025-12-04,Boston Celtics,146.0,Washington Wizards,101.0,-45.0,0
2025-12-04,Utah Jazz,123.0,Brooklyn Nets,110.0,-13.0,0
2025-12-04,Los Angeles Lakers,123.0,Toronto Raptors,120.0,-3.0,0
2025-12-04,Minnesota Timberwolves,125.0,New Orleans Pelicans,116.0,-9.0,0
2025-12-05,Los Angeles Lakers,105.0,Boston Celtics,126.0,21.0,1
2025-12-05,Miami Heat,105.0,Orlando Magic,106.0,1.0,1
2025-12-05,Denver Nuggets,134.0,Atlanta Hawks,133.0,-1.0,0
2025-12-05,San Antonio Spurs,117.0,Cleveland Cavaliers,130.0,13.0,1
2025-12-05,Portland Trail Blazers,116.0,Detroit Pistons,122.0,6.0,1
2025-12-05,Utah Jazz,112.0,New York Knicks,146.0,34.0,1
2025-12-05,Charlotte Hornets,111.0,Toronto Raptors,86.0,-25.0,0
2025-12-05,Indiana Pacers,120.0,Chicago Bulls,105.0,-15.0,0
2025-12-05,Phoenix Suns,98.0,Houston Rockets,117.0,19.0,1
2025-12-05,Los Angeles Clippers,98.0,Memphis Grizzlies,107.0,9.0,1
2025-12-05,Philadelphia 76ers,116.0,Milwaukee Bucks,101.0,-15.0,0
2025-12-05,Dallas Mavericks,111.0,Oklahoma City Thunder,132.0,21.0,1
2025-12-06,New Orleans Pelicans,101.0,Brooklyn Nets,119.0,18.0,1
2025-12-06,Atlanta Hawks,131.0,Washington Wizards,116.0,-15.0,0
2025-12-06,Golden State Warriors,99.0,Cleveland Cavaliers,94.0,-5.0,0
2025-12-06,Milwaukee Bucks,112.0,Detroit Pistons,124.0,12.0,1
2025-12-06,Sacramento Kings,127.0,Miami Heat,111.0,-16.0,0
2025-12-06,Los Angeles Clippers,106.0,Minnesota Timberwolves,109.0,3.0,1
2025-12-06,Houston Rockets,109.0,Dallas Mavericks,122.0,13.0,1
2025-12-07,Orlando Magic,100.0,New York Knicks,106.0,6.0,1
2025-12-07,Boston Celtics,121.0,Toronto Raptors,113.0,-8.0,0
2025-12-07,Denver Nuggets,115.0,Charlotte Hornets,106.0,-9.0,0
2025-12-07,Portland Trail Blazers,96.0,Memphis Grizzlies,119.0,23.0,1
2025-12-07,Golden State Warriors,123.0,Chicago Bulls,91.0,-32.0,0
2025-12-07,Los Angeles Lakers,112.0,Philadelphia 76ers,108.0,-4.0,0
2025-12-07,Oklahoma City Thunder,131.0,Utah Jazz,101.0,-30.0,0
2025-12-08,Sacramento Kings,105.0,Indiana Pacers,116.0,11.0,1
2025-12-08,Phoenix Suns,108.0,Minnesota Timberwolves,105.0,-3.0,0
2025-12-08,San Antonio Spurs,135.0,New Orleans Pelicans,132.0,-3.0,0
2025-12-09,Miami Heat,108.0,Orlando Magic,117.0,9.0,1
2025-12-09,New York Knicks,117.0,Toronto Raptors,101.0,-16.0,0
2025-12-10,Phoenix Suns,89.0,Oklahoma City Thunder,138.0,49.0,1
2025-12-10,San Antonio Spurs,132.0,Los Angeles Lakers,119.0,-13.0,0
2025-12-11,Los Angeles Clippers,113.0,Houston Rockets,115.0,2.0,1
2025-12-11,Boston Celtics,101.0,Milwaukee Bucks,116.0,15.0,1
2025-12-11,Portland Trail Blazers,120.0,New Orleans Pelicans,143.0,23.0,1
2025-12-11,Denver Nuggets,136.0,Sacramento Kings,105.0,-31.0,0
2025-12-12,Chicago Bulls,129.0,Charlotte Hornets,126.0,-3.0,0
2025-12-12,Atlanta Hawks,115.0,Detroit Pistons,142.0,27.0,1
2025-12-12,Indiana Pacers,105.0,Philadelphia 76ers,115.0,10.0,1
2025-12-12,Cleveland Cavaliers,130.0,Washington Wizards,126.0,-4.0,0
2025-12-12,Utah Jazz,130.0,Memphis Grizzlies,126.0,-4.0,0
2025-12-12,Brooklyn Nets,111.0,Dallas Mavericks,119.0,8.0,1
2025-12-12,Minnesota Timberwolves,127.0,Golden State Warriors,120.0,-7.0,0
2025-12-13,New York Knicks,132.0,Orlando Magic,120.0,-12.0,0
2025-12-13,San Antonio Spurs,111.0,Oklahoma City Thunder,109.0,-2.0,0
2025-12-14,Washington Wizards,108.0,Indiana Pacers,89.0,-19.0,0
2025-12-14,Charlotte Hornets,119.0,Cleveland Cavaliers,111.0,-8.0,0
2025-12-14,Philadelphia 76ers,117.0,Atlanta Hawks,120.0,3.0,1
2025-12-14,Milwaukee Bucks,82.0,Brooklyn Nets,127.0,45.0,1
2025-12-14,New Orleans Pelicans,114.0,Chicago Bulls,104.0,-10.0,0
2025-12-14,Sacramento Kings,103.0,Minnesota Timberwolves,117.0,14.0,1
2025-12-14,Los Angeles Lakers,116.0,Phoenix Suns,114.0,-2.0,0
2025-12-14,Golden State Warriors,131.0,Portland Trail Blazers,136.0,5.0,1
2025-12-15,Detroit Pistons,112.0,Boston Celtics,105.0,-7.0,0
2025-12-15,Toronto Raptors,106.0,Miami Heat,96.0,-10.0,0
2025-12-15,Dallas Mavericks,133.0,Utah Jazz,140.0,7.0,1
2025-12-15,Houston Rockets,125.0,Denver Nuggets,128.0,3.0,1
2025-12-15,Memphis Grizzlies,121.0,Los Angeles Clippers,103.0,-18.0,0
2025-12-16,San Antonio Spurs,113.0,New York Knicks,124.0,11.0,1
2025-12-17,Cleveland Cavaliers,111.0,Chicago Bulls,127.0,16.0,1
2025-12-17,Memphis Grizzlies,116.0,Minnesota Timberwolves,110.0,-6.0,0
2025-12-18,Atlanta Hawks,126.0,Charlotte Hornets,133.0,7.0,1
2025-12-18,New York Knicks,114.0,Indiana Pacers,113.0,-1.0,0
2025-12-18,Miami Heat,106.0,Brooklyn Nets,95.0,-11.0,0
2025-12-18,Toronto Raptors,111.0,Milwaukee Bucks,105.0,-6.0,0
2025-12-18,Houston Rockets,128.0,New Orleans Pelicans,133.0,5.0,1
2025-12-18,Los Angeles Clippers,101.0,Oklahoma City Thunder,122.0,21.0,1
2025-12-18,Washington Wizards,94.0,San Antonio Spurs,119.0,25.0,1
2025-12-18,Detroit Pistons,114.0,Dallas Mavericks,116.0,2.0,1
2025-12-18,Orlando Magic,115.0,Denver Nuggets,126.0,11.0,1
2025-12-18,Golden State Warriors,98.0,Phoenix Suns,99.0,1.0,1
2025-12-18,Los Angeles Lakers,143.0,Utah Jazz,135.0,-8.0,0
2025-12-18,Sacramento Kings,133.0,Portland Trail Blazers,134.0,1.0,1
2025-12-19,Miami Heat,116.0,Boston Celtics,129.0,13.0,1
2025-12-19,Philadelphia 76ers,116.0,New York Knicks,107.0,-9.0,0
2025-12-19,San Antonio Spurs,126.0,Atlanta Hawks,98.0,-28.0,0
2025-12-19,Chicago Bulls,136.0,Cleveland Cavaliers,125.0,-11.0,0
2025-12-19,Oklahoma City Thunder,107.0,Minnesota Timberwolves,112.0,5.0,1
2025-12-20,Houston Rockets,115.0,Denver Nuggets,101.0,-14.0,0
2025-12-20,Indiana Pacers,109.0,New Orleans Pelicans,128.0,19.0,1
2025-12-20,Dallas Mavericks,114.0,Philadelphia 76ers,121.0,7.0,1
2025-12-20,Boston Celtics,112.0,Toronto Raptors,96.0,-16.0,0
2025-12-20,Charlotte Hornets,86.0,Detroit Pistons,112.0,26.0,1
2025-12-20,Washington Wizards,130.0,Memphis Grizzlies,122.0,-8.0,0
2025-12-20,Phoenix Suns,116.0,Golden State Warriors,119.0,3.0,1
2025-12-20,Orlando Magic,128.0,Utah Jazz,127.0,-1.0,0
2025-12-20,Portland Trail Blazers,98.0,Sacramento Kings,93.0,-5.0,0
2025-12-20,Los Angeles Lakers,88.0,Los Angeles Clippers,103.0,15.0,1
2025-12-21,Chicago Bulls,152.0,Atlanta Hawks,150.0,-2.0,0
2025-12-21,Toronto Raptors,81.0,Brooklyn Nets,96.0,15.0,1
2025-12-21,Miami Heat,125.0,New York Knicks,132.0,7.0,1
2025-12-21,Milwaukee Bucks,100.0,Minnesota Timberwolves,103.0,3.0,1
2025-12-21,San Antonio Spurs,124.0,Washington Wizards,113.0,-11.0,0
2025-12-21,Houston Rockets,124.0,Sacramento Kings,125.0,1.0,1
2025-12-22,Charlotte Hornets,132.0,Cleveland Cavaliers,139.0,7.0,1
2025-12-22,Indiana Pacers,95.0,Boston Celtics,103.0,8.0,1
2025-12-22,Dallas Mavericks,113.0,New Orleans Pelicans,119.0,6.0,1
2025-12-22,Utah Jazz,112.0,Denver Nuggets,135.0,23.0,1
2025-12-22,Memphis Grizzlies,103.0,Oklahoma City Thunder,119.0,16.0,1
2025-12-22,Orlando Magic,97.0,Golden State Warriors,120.0,23.0,1
2025-12-22,Detroit Pistons,110.0,Portland Trail Blazers,102.0,-8.0,0
2025-12-23,Washington Wizards,109.0,Charlotte Hornets,126.0,17.0,1
2025-12-23,Brooklyn Nets,114.0,Philadelphia 76ers,106.0,-8.0,0
2025-12-23,Chicago Bulls,126.0,Atlanta Hawks,123.0,-3.0,0
2025-12-23,New Orleans Pelicans,118.0,Cleveland Cavaliers,141.0,23.0,1
2025-12-23,Milwaukee Bucks,111.0,Indiana Pacers,94.0,-17.0,0
2025-12-23,Toronto Raptors,112.0,Miami Heat,91.0,-21.0,0
2025-12-23,Denver Nuggets,130.0,Dallas Mavericks,131.0,1.0,1
2025-12-23,New York Knicks,104.0,Minnesota Timberwolves,115.0,11.0,1
2025-12-23,Oklahoma City Thunder,110.0,San Antonio Spurs,130.0,20.0,1
2025-12-23,Los Angeles Lakers,108.0,Phoenix Suns,132.0,24.0,1
2025-12-23,Memphis Grizzlies,137.0,Utah Jazz,128.0,-9.0,0
2025-12-23,Orlando Magic,110.0,Portland Trail Blazers,106.0,-4.0,0
2025-12-23,Detroit Pistons,136.0,Sacramento Kings,127.0,-9.0,0
2025-12-23,Houston Rockets,108.0,Los Angeles Clippers,128.0,20.0,1
2025-12-25,Cleveland Cavaliers,124.0,New York Knicks,126.0,2.0,1
2025-12-25,San Antonio Spurs,117.0,Oklahoma City Thunder,102.0,-15.0,0
2025-12-25,Dallas Mavericks,116.0,Golden State Warriors,126.0,10.0,1
2025-12-25,Houston Rockets,119.0,Los Angeles Lakers,96.0,-23.0,0
2025-12-25,Minnesota Timberwolves,138.0,Denver Nuggets,142.0,4.0,1
2025-12-26,Miami Heat,126.0,Atlanta Hawks,111.0,-15.0,0
2025-12-26,Boston Celtics,140.0,Indiana Pacers,122.0,-18.0,0
2025-12-26,Charlotte Hornets,120.0,Orlando Magic,105.0,-15.0,0
2025-12-26,Toronto Raptors,117.0,Washington Wizards,138.0,21.0,1
2025-12-26,Philadelphia 76ers,102.0,Chicago Bulls,109.0,7.0,1
2025-12-26,Milwaukee Bucks,104.0,Memphis Grizzlies,125.0,21.0,1
2025-12-26,Phoenix Suns,115.0,New Orleans Pelicans,108.0,-7.0,0
2025-12-26,Detroit Pistons,129.0,Utah Jazz,131.0,2.0,1
2025-12-26,Los Angeles Clippers,119.0,Portland Trail Blazers,103.0,-16.0,0
2025-12-27,Dallas Mavericks,107.0,Sacramento Kings,113.0,6.0,1
2025-12-27,Phoenix Suns,123.0,New Orleans Pelicans,114.0,-9.0,0
2025-12-27,Denver Nuggets,126.0,Orlando Magic,127.0,1.0,1
2025-12-27,New York Knicks,128.0,Atlanta Hawks,125.0,-3.0,0
2025-12-27,Milwaukee Bucks,112.0,Chicago Bulls,103.0,-9.0,0
2025-12-27,Cleveland Cavaliers,100.0,Houston Rockets,117.0,17.0,1
2025-12-27,Indiana Pacers,116.0,Miami Heat,142.0,26.0,1
2025-12-27,Brooklyn Nets,123.0,Minnesota Timberwolves,107.0,-16.0,0
2025-12-27,Utah Jazz,127.0,San Antonio Spurs,114.0,-13.0,0
2025-12-28,Philadelphia 76ers,104.0,Oklahoma City Thunder,129.0,25.0,1
2025-12-28,Golden State Warriors,127.0,Toronto Raptors,141.0,14.0,1
2025-12-28,Boston Celtics,108.0,Portland Trail Blazers,114.0,6.0,1
2025-12-28,Memphis Grizzlies,112.0,Washington Wizards,116.0,4.0,1
2025-12-28,Detroit Pistons,99.0,Los Angeles Clippers,112.0,13.0,1
2025-12-28,Sacramento Kings,101.0,Los Angeles Lakers,125.0,24.0,1
2025-12-29,Milwaukee Bucks,123.0,Charlotte Hornets,113.0,-10.0,0
2025-12-29,Phoenix Suns,115.0,Washington Wizards,101.0,-14.0,0
2025-12-29,Golden State Warriors,120.0,Brooklyn Nets,107.0,-13.0,0
2025-12-29,Denver Nuggets,123.0,Miami Heat,147.0,24.0,1
2025-12-29,Orlando Magic,106.0,Toronto Raptors,107.0,1.0,1
2025-12-29,Minnesota Timberwolves,136.0,Chicago Bulls,101.0,-35.0,0
2025-12-29,Indiana Pacers,119.0,Houston Rockets,126.0,7.0,1
2025-12-29,New York Knicks,130.0,New Orleans Pelicans,125.0,-5.0,0
2025-12-29,Atlanta Hawks,129.0,Oklahoma City Thunder,140.0,11.0,1
2025-12-29,Cleveland Cavaliers,113.0,San Antonio Spurs,101.0,-12.0,0
2025-12-29,Dallas Mavericks,122.0,Portland Trail Blazers,125.0,3.0,1
2025-12-30,Philadelphia 76ers,139.0,Memphis Grizzlies,136.0,-3.0,0
2025-12-30,Boston Celtics,129.0,Utah Jazz,119.0,-10.0,0
2025-12-30,Detroit Pistons,128.0,Los Angeles Lakers,106.0,-22.0,0
2025-12-30,Sacramento Kings,90.0,Los Angeles Clippers,131.0,41.0,1
2025-12-31,Golden State Warriors,132.0,Charlotte Hornets,125.0,-7.0,0
2025-12-31,Minnesota Timberwolves,102.0,Atlanta Hawks,126.0,24.0,1
2025-12-31,Orlando Magic,112.0,Indiana Pacers,110.0,-2.0,0
2025-12-31,Phoenix Suns,113.0,Cleveland Cavaliers,129.0,16.0,1
2025-12-31,New Orleans Pelicans,118.0,Chicago Bulls,134.0,16.0,1
2025-12-31,New York Knicks,132.0,San Antonio Spurs,134.0,2.0,1
2025-12-31,Denver Nuggets,106.0,Toronto Raptors,103.0,-3.0,0
2025-12-31,Washington Wizards,114.0,Milwaukee Bucks,113.0,-1.0,0
2025-12-31,Portland Trail Blazers,95.0,Oklahoma City Thunder,124.0,29.0,1
2026-01-01,Houston Rockets,120.0,Brooklyn Nets,96.0,-24.0,0
2026-01-01,Miami Heat,118.0,Detroit Pistons,112.0,-6.0,0
2026-01-01,Philadelphia 76ers,123.0,Dallas Mavericks,108.0,-15.0,0
2026-01-01,Boston Celtics,120.0,Sacramento Kings,106.0,-14.0,0
2026-01-01,Utah Jazz,101.0,Los Angeles Clippers,118.0,17.0,1
2026-01-02,San Antonio Spurs,123.0,Indiana Pacers,113.0,-10.0,0
2026-01-02,Brooklyn Nets,99.0,Washington Wizards,119.0,20.0,1
2026-01-02,Denver Nuggets,108.0,Cleveland Cavaliers,113.0,5.0,1
2026-01-02,Atlanta Hawks,111.0,New York Knicks,99.0,-12.0,0
2026-01-02,Orlando Magic,114.0,Chicago Bulls,121.0,7.0,1
2026-01-02,Charlotte Hornets,121.0,Milwaukee Bucks,122.0,1.0,1
2026-01-02,Portland Trail Blazers,122.0,New Orleans Pelicans,109.0,-13.0,0
2026-01-02,Sacramento Kings,102.0,Phoenix Suns,129.0,27.0,1
2026-01-02,Oklahoma City Thunder,131.0,Golden State Warriors,94.0,-37.0,0
2026-01-02,Memphis Grizzlies,121.0,Los Angeles Lakers,128.0,7.0,1
2026-01-03,Minnesota Timberwolves,125.0,Miami Heat,115.0,-10.0,0
2026-01-03,Philadelphia 76ers,130.0,New York Knicks,119.0,-11.0,0
2026-01-03,Atlanta Hawks,117.0,Toronto Raptors,134.0,17.0,1
2026-01-03,Charlotte Hornets,112.0,Chicago Bulls,99.0,-13.0,0
2026-01-03,Portland Trail Blazers,115.0,San Antonio Spurs,110.0,-5.0,0
2026-01-03,Houston Rockets,104.0,Dallas Mavericks,110.0,6.0,1
2026-01-03,Utah Jazz,114.0,Golden State Warriors,123.0,9.0,1
2026-01-03,Boston Celtics,146.0,Los Angeles Clippers,115.0,-31.0,0
2026-01-04,Detroit Pistons,114.0,Cleveland Cavaliers,110.0,-4.0,0
2026-01-04,Indiana Pacers,127.0,Orlando Magic,135.0,8.0,1
2026-01-04,Denver Nuggets,115.0,Brooklyn Nets,127.0,12.0,1
2026-01-04,New Orleans Pelicans,106.0,Miami Heat,125.0,19.0,1
2026-01-04,Minnesota Timberwolves,141.0,Washington Wizards,115.0,-26.0,0
2026-01-04,Oklahoma City Thunder,105.0,Phoenix Suns,108.0,3.0,1
2026-01-04,Milwaukee Bucks,115.0,Sacramento Kings,98.0,-17.0,0
2026-01-04,Memphis Grizzlies,114.0,Los Angeles Lakers,120.0,6.0,1
2026-01-05,New York Knicks,90.0,Detroit Pistons,121.0,31.0,1
2026-01-05,Chicago Bulls,101.0,Boston Celtics,115.0,14.0,1
2026-01-05,Atlanta Hawks,100.0,Toronto Raptors,118.0,18.0,1
2026-01-05,Phoenix Suns,97.0,Houston Rockets,100.0,3.0,1
2026-01-05,Charlotte Hornets,124.0,Oklahoma City Thunder,97.0,-27.0,0
2026-01-05,Denver Nuggets,125.0,Philadelphia 76ers,124.0,-1.0,0
2026-01-05,Golden State Warriors,102.0,Los Angeles Clippers,103.0,1.0,1
2026-01-05,Utah Jazz,117.0,Portland Trail Blazers,137.0,20.0,1
2026-01-06,Cleveland Cavaliers,120.0,Indiana Pacers,116.0,-4.0,0
2026-01-06,Orlando Magic,112.0,Washington Wizards,120.0,8.0,1
2026-01-06,San Antonio Spurs,105.0,Memphis Grizzlies,106.0,1.0,1
2026-01-06,Miami Heat,94.0,Minnesota Timberwolves,122.0,28.0,1
2026-01-06,Los Angeles Lakers,111.0,New Orleans Pelicans,103.0,-8.0,0
2026-01-06,Dallas Mavericks,100.0,Sacramento Kings,98.0,-2.0,0
2026-01-07,Denver Nuggets,114.0,Boston Celtics,110.0,-4.0,0
2026-01-07,Toronto Raptors,97.0,Charlotte Hornets,96.0,-1.0,0
2026-01-07,Chicago Bulls,93.0,Detroit Pistons,108.0,15.0,1
2026-01-07,Washington Wizards,110.0,Philadelphia 76ers,131.0,21.0,1
2026-01-07,New Orleans Pelicans,100.0,Atlanta Hawks,117.0,17.0,1
2026-01-07,Orlando Magic,104.0,Brooklyn Nets,103.0,-1.0,0
2026-01-07,Los Angeles Clippers,111.0,New York Knicks,123.0,12.0,1
2026-01-07,Phoenix Suns,117.0,Memphis Grizzlies,98.0,-19.0,0
2026-01-07,Utah Jazz,125.0,Oklahoma City Thunder,129.0,4.0,1
2026-01-07,Los Angeles Lakers,91.0,San Antonio Spurs,107.0,16.0,1
2026-01-07,Milwaukee Bucks,113.0,Golden State Warriors,120.0,7.0,1
2026-01-07,Houston Rockets,102.0,Portland Trail Blazers,103.0,1.0,1
2026-01-08,Indiana Pacers,114.0,Charlotte Hornets,112.0,-2.0,0
2026-01-08,Cleveland Cavaliers,122.0,Minnesota Timberwolves,131.0,9.0,1
2026-01-08,Dallas Mavericks,114.0,Utah Jazz,116.0,2.0,1
2026-01-09,Toronto Raptors,117.0,Boston Celtics,125.0,8.0,1
2026-01-09,Philadelphia 76ers,103.0,Orlando Magic,91.0,-12.0,0
2026-01-09,New Orleans Pelicans,128.0,Washington Wizards,107.0,-21.0,0
2026-01-09,Los Angeles Clippers,121.0,Brooklyn Nets,105.0,-16.0,0
2026-01-09,Oklahoma City Thunder,117.0,Memphis Grizzlies,116.0,-1.0,0
2026-01-09,Atlanta Hawks,110.0,Denver Nuggets,87.0,-23.0,0
2026-01-09,New York Knicks,107.0,Phoenix Suns,112.0,5.0,1
2026-01-09,Sacramento Kings,103.0,Golden State Warriors,137.0,34.0,1
2026-01-09,Houston Rockets,105.0,Portland Trail Blazers,111.0,6.0,1
2026-01-09,Milwaukee Bucks,105.0,Los Angeles Lakers,101.0,-4.0,0
2026-01-10,Minnesota Timberwolves,134.0,Cleveland Cavaliers,146.0,12.0,1
2026-01-10,Miami Heat,99.0,Indiana Pacers,123.0,24.0,1
2026-01-10,Los Angeles Clippers,98.0,Detroit Pistons,92.0,-6.0,0
2026-01-10,San Antonio Spurs,100.0,Boston Celtics,95.0,-5.0,0
2026-01-10,Dallas Mavericks,107.0,Chicago Bulls,125.0,18.0,1
2026-01-10,Charlotte Hornets,150.0,Utah Jazz,95.0,-55.0,0
2026-01-11,New Orleans Pelicans,118.0,Orlando Magic,128.0,10.0,1
2026-01-11,Brooklyn Nets,98.0,Memphis Grizzlies,103.0,5.0,1
2026-01-11,New York Knicks,123.0,Portland Trail Blazers,114.0,-9.0,0
2026-01-11,Philadelphia 76ers,115.0,Toronto Raptors,116.0,1.0,1
2026-01-11,San Antonio Spurs,103.0,Minnesota Timberwolves,104.0,1.0,1
2026-01-11,Miami Heat,112.0,Oklahoma City Thunder,124.0,12.0,1
2026-01-11,Milwaukee Bucks,104.0,Denver Nuggets,108.0,4.0,1
2026-01-11,Washington Wizards,93.0,Phoenix Suns,112.0,19.0,1
2026-01-11,Atlanta Hawks,124.0,Golden State Warriors,111.0,-13.0,0
2026-01-11,Houston Rockets,98.0,Sacramento Kings,111.0,13.0,1
2026-01-12,Utah Jazz,123.0,Cleveland Cavaliers,112.0,-11.0,0
2026-01-12,Boston Celtics,96.0,Indiana Pacers,98.0,2.0,1
2026-01-12,Philadelphia 76ers,115.0,Toronto Raptors,102.0,-13.0,0
2026-01-12,Brooklyn Nets,105.0,Dallas Mavericks,113.0,8.0,1
2026-01-12,Los Angeles Lakers,112.0,Sacramento Kings,124.0,12.0,1
2026-01-12,Charlotte Hornets,109.0,Los Angeles Clippers,117.0,8.0,1
2026-01-13,Phoenix Suns,121.0,Miami Heat,127.0,6.0,1
2026-01-13,Chicago Bulls,113.0,Houston Rockets,119.0,6.0,1
2026-01-13,Minnesota Timberwolves,139.0,Milwaukee Bucks,106.0,-33.0,0
2026-01-13,Denver Nuggets,122.0,New Orleans Pelicans,116.0,-6.0,0
2026-01-13,San Antonio Spurs,98.0,Oklahoma City Thunder,119.0,21.0,1
2026-01-13,Atlanta Hawks,116.0,Los Angeles Lakers,141.0,25.0,1
2026-01-13,Portland Trail Blazers,97.0,Golden State Warriors,119.0,22.0,1
2026-01-14,Toronto Raptors,115.0,Indiana Pacers,101.0,-14.0,0
2026-01-14,Cleveland Cavaliers,133.0,Philadelphia 76ers,107.0,-26.0,0
2026-01-14,Utah Jazz,126.0,Chicago Bulls,128.0,2.0,1
2026-01-14,Brooklyn Nets,113.0,New Orleans Pelicans,116.0,3.0,1
2026-01-14,Denver Nuggets,118.0,Dallas Mavericks,109.0,-9.0,0
2026-01-14,New York Knicks,101.0,Sacramento Kings,112.0,11.0,1
2026-01-14,Washington Wizards,105.0,Los Angeles Clippers,119.0,14.0,1
2026-01-15,Memphis Grizzlies,111.0,Orlando Magic,118.0,7.0,1
2026-01-15,Phoenix Suns,105.0,Detroit Pistons,108.0,3.0,1
2026-01-15,Oklahoma City Thunder,111.0,Houston Rockets,91.0,-20.0,0
2026-01-15,Boston Celtics,119.0,Miami Heat,114.0,-5.0,0
2026-01-15,Milwaukee Bucks,101.0,San Antonio Spurs,119.0,18.0,1
2026-01-15,Utah Jazz,122.0,Dallas Mavericks,144.0,22.0,1
2026-01-15,New York Knicks,113.0,Golden State Warriors,126.0,13.0,1
2026-01-15,Atlanta Hawks,101.0,Portland Trail Blazers,117.0,16.0,1
2026-01-15,Charlotte Hornets,135.0,Los Angeles Lakers,117.0,-18.0,0
2026-01-16,New Orleans Pelicans,119.0,Indiana Pacers,127.0,8.0,1
2026-01-16,Cleveland Cavaliers,117.0,Philadelphia 76ers,115.0,-2.0,0
2026-01-16,Chicago Bulls,109.0,Brooklyn Nets,112.0,3.0,1
2026-01-16,Los Angeles Clippers,121.0,Toronto Raptors,117.0,-4.0,0
2026-01-16,Minnesota Timberwolves,105.0,Houston Rockets,110.0,5.0,1
2026-01-16,Washington Wizards,115.0,Sacramento Kings,128.0,13.0,1
2026-01-17,Utah Jazz,120.0,Dallas Mavericks,138.0,18.0,1
2026-01-17,Boston Celtics,132.0,Atlanta Hawks,106.0,-26.0,0
2026-01-17,Indiana Pacers,78.0,Detroit Pistons,121.0,43.0,1
2026-01-17,Phoenix Suns,106.0,New York Knicks,99.0,-7.0,0
2026-01-17,Oklahoma City Thunder,120.0,Miami Heat,122.0,2.0,1
2026-01-17,Minnesota Timberwolves,123.0,San Antonio Spurs,126.0,3.0,1
2026-01-17,Charlotte Hornets,116.0,Golden State Warriors,136.0,20.0,1
2026-01-17,Washington Wizards,115.0,Denver Nuggets,121.0,6.0,1
2026-01-17,Los Angeles Lakers,116.0,Portland Trail Blazers,132.0,16.0,1
2026-01-18,Orlando Magic,109.0,Memphis Grizzlies,126.0,17.0,1
2026-01-18,Brooklyn Nets,102.0,Chicago Bulls,124.0,22.0,1
2026-01-18,New Orleans Pelicans,110.0,Houston Rockets,119.0,9.0,1
2026-01-18,Charlotte Hornets,110.0,Denver Nuggets,87.0,-23.0,0
2026-01-18,Portland Trail Blazers,117.0,Sacramento Kings,110.0,-7.0,0
2026-01-18,Toronto Raptors,93.0,Los Angeles Lakers,110.0,17.0,1
2026-01-19,Milwaukee Bucks,112.0,Atlanta Hawks,110.0,-2.0,0
2026-01-19,Oklahoma City Thunder,136.0,Cleveland Cavaliers,104.0,-32.0,0
2026-01-19,Los Angeles Clippers,110.0,Washington Wizards,106.0,-4.0,0
2026-01-19,Dallas Mavericks,114.0,New York Knicks,97.0,-17.0,0
2026-01-19,Utah Jazz,110.0,San Antonio Spurs,123.0,13.0,1
2026-01-19,Indiana Pacers,104.0,Philadelphia 76ers,113.0,9.0,1
2026-01-19,Phoenix Suns,126.0,Brooklyn Nets,117.0,-9.0,0
2026-01-19,Boston Celtics,103.0,Detroit Pistons,104.0,1.0,1
2026-01-19,Miami Heat,112.0,Golden State Warriors,135.0,23.0,1
2026-01-20,Phoenix Suns,116.0,Philadelphia 76ers,110.0,-6.0,0
2026-01-20,Los Angeles Clippers,110.0,Chicago Bulls,138.0,28.0,1
2026-01-20,San Antonio Spurs,106.0,Houston Rockets,111.0,5.0,1
2026-01-20,Minnesota Timberwolves,122.0,Utah Jazz,127.0,5.0,1
2026-01-20,Los Angeles Lakers,115.0,Denver Nuggets,107.0,-8.0,0
2026-01-20,Toronto Raptors,145.0,Golden State Warriors,127.0,-18.0,0
2026-01-20,Miami Heat,130.0,Sacramento Kings,117.0,-13.0,0
2026-01-21,Cleveland Cavaliers,94.0,Charlotte Hornets,87.0,-7.0,0
2026-01-21,Indiana Pacers,104.0,Boston Celtics,119.0,15.0,1
2026-01-21,Brooklyn Nets,66.0,New York Knicks,120.0,54.0,1
2026-01-21,Atlanta Hawks,124.0,Memphis Grizzlies,122.0,-2.0,0
2026-01-21,Detroit Pistons,112.0,New Orleans Pelicans,104.0,-8.0,0
2026-01-21,Oklahoma City Thunder,122.0,Milwaukee Bucks,102.0,-20.0,0
2026-01-21,Toronto Raptors,122.0,Sacramento Kings,109.0,-13.0,0
2026-01-22,Charlotte Hornets,124.0,Orlando Magic,97.0,-27.0,0
2026-01-22,Houston Rockets,122.0,Philadelphia 76ers,128.0,6.0,1
2026-01-22,Denver Nuggets,107.0,Washington Wizards,97.0,-10.0,0
2026-01-22,Golden State Warriors,115.0,Dallas Mavericks,123.0,8.0,1
2026-01-22,Chicago Bulls,120.0,Minnesota Timberwolves,115.0,-5.0,0
2026-01-22,San Antonio Spurs,126.0,Utah Jazz,109.0,-17.0,0
2026-01-22,Los Angeles Lakers,104.0,Los Angeles Clippers,112.0,8.0,1
2026-01-22,Miami Heat,110.0,Portland Trail Blazers,127.0,17.0,1
2026-01-23,Houston Rockets,111.0,Detroit Pistons,104.0,-7.0,0
2026-01-23,Phoenix Suns,103.0,Atlanta Hawks,110.0,7.0,1
2026-01-23,Boston Celtics,130.0,Brooklyn Nets,126.0,-4.0,0
2026-01-23,Sacramento Kings,118.0,Cleveland Cavaliers,123.0,5.0,1
2026-01-23,New Orleans Pelicans,133.0,Memphis Grizzlies,127.0,-6.0,0
2026-01-23,Indiana Pacers,117.0,Oklahoma City Thunder,114.0,-3.0,0
2026-01-23,Denver Nuggets,102.0,Milwaukee Bucks,100.0,-2.0,0
2026-01-23,Toronto Raptors,110.0,Portland Trail Blazers,98.0,-12.0,0
2026-01-24,Washington Wizards,115.0,Charlotte Hornets,119.0,4.0,1
2026-01-24,New York Knicks,112.0,Philadelphia 76ers,109.0,-3.0,0
2026-01-24,Cleveland Cavaliers,119.0,Orlando Magic,105.0,-14.0,0
2026-01-24,Boston Celtics,111.0,Chicago Bulls,114.0,3.0,1
2026-01-24,Los Angeles Lakers,116.0,Dallas Mavericks,110.0,-6.0,0
2026-01-24,Miami Heat,147.0,Utah Jazz,116.0,-31.0,0
2026-01-25,Sacramento Kings,116.0,Detroit Pistons,139.0,23.0,1
2026-01-25,Golden State Warriors,111.0,Minnesota Timberwolves,85.0,-26.0,0
2026-01-25,Toronto Raptors,103.0,Oklahoma City Thunder,101.0,-2.0,0
2026-01-25,New Orleans Pelicans,104.0,San Antonio Spurs,95.0,-9.0,0
2026-01-25,Miami Heat,111.0,Phoenix Suns,102.0,-9.0,0
2026-01-25,Brooklyn Nets,89.0,Los Angeles Clippers,126.0,37.0,1
2026-01-26,Indiana Pacers,116.0,Atlanta Hawks,132.0,16.0,1
2026-01-26,Philadelphia 76ers,93.0,Charlotte Hornets,130.0,37.0,1
2026-01-26,Orlando Magic,98.0,Cleveland Cavaliers,114.0,16.0,1
2026-01-26,Portland Trail Blazers,94.0,Boston Celtics,102.0,8.0,1
2026-01-26,Los Angeles Lakers,129.0,Chicago Bulls,118.0,-11.0,0
2026-01-26,Memphis Grizzlies,99.0,Houston Rockets,108.0,9.0,1
2026-01-26,Golden State Warriors,83.0,Minnesota Timberwolves,108.0,25.0,1
2026-01-27,Portland Trail Blazers,111.0,Washington Wizards,115.0,4.0,1
2026-01-27,Sacramento Kings,87.0,New York Knicks,103.0,16.0,1
2026-01-27,New Orleans Pelicans,95.0,Oklahoma City Thunder,104.0,9.0,1
2026-01-27,Milwaukee Bucks,122.0,Philadelphia 76ers,139.0,17.0,1
2026-01-27,Detroit Pistons,109.0,Denver Nuggets,107.0,-2.0,0
2026-01-27,Brooklyn Nets,102.0,Phoenix Suns,106.0,4.0,1
2026-01-27,Los Angeles Clippers,115.0,Utah Jazz,103.0,-12.0,0
2026-01-28,Los Angeles Lakers,99.0,Cleveland Cavaliers,129.0,30.0,1
2026-01-28,Chicago Bulls,110.0,Indiana Pacers,113.0,3.0,1
2026-01-28,Atlanta Hawks,117.0,Boston Celtics,106.0,-11.0,0
2026-01-28,Orlando Magic,133.0,Miami Heat,124.0,-9.0,0
2026-01-28,New York Knicks,119.0,Toronto Raptors,92.0,-27.0,0
2026-01-28,Charlotte Hornets,112.0,Memphis Grizzlies,97.0,-15.0,0
2026-01-28,Minnesota Timberwolves,118.0,Dallas Mavericks,105.0,-13.0,0
2026-01-28,Golden State Warriors,140.0,Utah Jazz,124.0,-16.0,0
2026-01-28,San Antonio Spurs,111.0,Houston Rockets,99.0,-12.0,0
2026-01-29,Sacramento Kings,111.0,Philadelphia 76ers,113.0,2.0,1
2026-01-29,Milwaukee Bucks,99.0,Washington Wizards,109.0,10.0,1
2026-01-29,Houston Rockets,104.0,Atlanta Hawks,86.0,-18.0,0
2026-01-29,Miami Heat,116.0,Chicago Bulls,113.0,-3.0,0
2026-01-29,Charlotte Hornets,123.0,Dallas Mavericks,121.0,-2.0,0
2026-01-29,Brooklyn Nets,103.0,Denver Nuggets,107.0,4.0,1
2026-01-29,Detroit Pistons,96.0,Phoenix Suns,114.0,18.0,1
2026-01-29,Oklahoma City Thunder,111.0,Minnesota Timberwolves,123.0,12.0,1
2026-01-30,Los Angeles Lakers,142.0,Washington Wizards,111.0,-31.0,0
2026-01-30,Sacramento Kings,93.0,Boston Celtics,112.0,19.0,1
2026-01-30,Memphis Grizzlies,106.0,New Orleans Pelicans,114.0,8.0,1
2026-01-30,Portland Trail Blazers,97.0,New York Knicks,127.0,30.0,1
2026-01-30,Toronto Raptors,120.0,Orlando Magic,130.0,10.0,1
2026-01-30,Los Angeles Clippers,109.0,Denver Nuggets,122.0,13.0,1
2026-01-30,Cleveland Cavaliers,113.0,Phoenix Suns,126.0,13.0,1
2026-01-30,Brooklyn Nets,109.0,Utah Jazz,99.0,-10.0,0
2026-01-30,Detroit Pistons,131.0,Golden State Warriors,124.0,-7.0,0
2026-01-31,San Antonio Spurs,106.0,Charlotte Hornets,111.0,5.0,1
2026-01-31,Atlanta Hawks,124.0,Indiana Pacers,129.0,5.0,1
2026-01-31,New Orleans Pelicans,114.0,Philadelphia 76ers,124.0,10.0,1
2026-01-31,Minnesota Timberwolves,131.0,Memphis Grizzlies,114.0,-17.0,0
2026-01-31,Chicago Bulls,125.0,Miami Heat,118.0,-7.0,0
2026-01-31,Dallas Mavericks,107.0,Houston Rockets,111.0,4.0,1
2026-02-01,Milwaukee Bucks,79.0,Boston Celtics,107.0,28.0,1
2026-02-01,Brooklyn Nets,77.0,Detroit Pistons,130.0,53.0,1
2026-02-01,Chicago Bulls,91.0,Miami Heat,134.0,43.0,1
2026-02-01,Utah Jazz,100.0,Toronto Raptors,107.0,7.0,1
2026-02-01,Sacramento Kings,112.0,Washington Wizards,116.0,4.0,1
2026-02-01,Los Angeles Lakers,100.0,New York Knicks,112.0,12.0,1
2026-02-01,Los Angeles Clippers,117.0,Phoenix Suns,93.0,-24.0,0
2026-02-01,Cleveland Cavaliers,130.0,Portland Trail Blazers,111.0,-19.0,0
2026-02-01,Orlando Magic,103.0,San Antonio Spurs,112.0,9.0,1
2026-02-01,Oklahoma City Thunder,121.0,Denver Nuggets,111.0,-10.0,0
2026-02-02,New Orleans Pelicans,95.0,Charlotte Hornets,102.0,7.0,1
2026-02-02,Houston Rockets,118.0,Indiana Pacers,114.0,-4.0,0
2026-02-02,Minnesota Timberwolves,128.0,Memphis Grizzlies,137.0,9.0,1
2026-02-02,Philadelphia 76ers,128.0,Los Angeles Clippers,113.0,-15.0,0
2026-02-03,Denver Nuggets,121.0,Detroit Pistons,124.0,3.0,1
2026-02-03,Utah Jazz,131.0,Indiana Pacers,122.0,-9.0,0
2026-02-03,New York Knicks,132.0,Washington Wizards,101.0,-31.0,0
2026-02-03,Los Angeles Lakers,125.0,Brooklyn Nets,109.0,-16.0,0
2026-02-03,Atlanta Hawks,127.0,Miami Heat,115.0,-12.0,0
2026-02-03,Boston Celtics,110.0,Dallas Mavericks,100.0,-10.0,0
2026-02-03,Chicago Bulls,115.0,Milwaukee Bucks,131.0,16.0,1
2026-02-03,Orlando Magic,92.0,Oklahoma City Thunder,128.0,36.0,1
2026-02-03,Philadelphia 76ers,113.0,Golden State Warriors,94.0,-19.0,0
2026-02-03,Phoenix Suns,130.0,Portland Trail Blazers,125.0,-5.0,0
2026-02-04,Denver Nuggets,127.0,New York Knicks,134.0,7.0,1
2026-02-04,Minnesota Timberwolves,128.0,Toronto Raptors,126.0,-2.0,0
2026-02-04,Boston Celtics,114.0,Houston Rockets,93.0,-21.0,0
2026-02-04,New Orleans Pelicans,137.0,Milwaukee Bucks,141.0,4.0,1
2026-02-04,Oklahoma City Thunder,106.0,San Antonio Spurs,116.0,10.0,1
2026-02-04,Memphis Grizzlies,129.0,Sacramento Kings,125.0,-4.0,0
2026-02-04,Cleveland Cavaliers,124.0,Los Angeles Clippers,91.0,-33.0,0
2026-02-05,Washington Wizards,126.0,Detroit Pistons,117.0,-9.0,0
2026-02-05,Brooklyn Nets,98.0,Orlando Magic,118.0,20.0,1
2026-02-05,Utah Jazz,119.0,Atlanta Hawks,121.0,2.0,1
2026-02-05,Chicago Bulls,107.0,Toronto Raptors,123.0,16.0,1
2026-02-05,Charlotte Hornets,109.0,Houston Rockets,99.0,-10.0,0
2026-02-05,San Antonio Spurs,135.0,Dallas Mavericks,123.0,-12.0,0
2026-02-05,Philadelphia 76ers,115.0,Los Angeles Lakers,119.0,4.0,1
2026-02-05,Golden State Warriors,101.0,Phoenix Suns,97.0,-4.0,0
2026-02-06,Miami Heat,96.0,Boston Celtics,98.0,2.0,1
2026-02-06,New York Knicks,80.0,Detroit Pistons,118.0,38.0,1
2026-02-06,Indiana Pacers,99.0,Milwaukee Bucks,105.0,6.0,1
2026-02-06,New Orleans Pelicans,119.0,Minnesota Timberwolves,115.0,-4.0,0
2026-02-06,Memphis Grizzlies,115.0,Portland Trail Blazers,135.0,20.0,1
2026-02-06,Los Angeles Clippers,114.0,Sacramento Kings,111.0,-3.0,0
2026-02-07,Washington Wizards,113.0,Brooklyn Nets,127.0,14.0,1
2026-02-07,Houston Rockets,112.0,Oklahoma City Thunder,106.0,-6.0,0
2026-02-07,Dallas Mavericks,125.0,San Antonio Spurs,138.0,13.0,1
2026-02-07,Utah Jazz,117.0,Orlando Magic,120.0,3.0,1
2026-02-07,Charlotte Hornets,126.0,Atlanta Hawks,119.0,-7.0,0
2026-02-07,Denver Nuggets,136.0,Chicago Bulls,120.0,-16.0,0
2026-02-07,Golden State Warriors,99.0,Los Angeles Lakers,105.0,6.0,1
2026-02-07,Philadelphia 76ers,109.0,Phoenix Suns,103.0,-6.0,0
2026-02-07,Memphis Grizzlies,115.0,Portland Trail Blazers,122.0,7.0,1
2026-02-07,Cleveland Cavaliers,132.0,Sacramento Kings,126.0,-6.0,0
2026-02-08,New York Knicks,111.0,Boston Celtics,89.0,-22.0,0
2026-02-08,Miami Heat,132.0,Washington Wizards,101.0,-31.0,0
2026-02-08,Los Angeles Clippers,115.0,Minnesota Timberwolves,96.0,-19.0,0
2026-02-08,Indiana Pacers,104.0,Toronto Raptors,122.0,18.0,1
2026-02-09,Detroit Pistons,110.0,Charlotte Hornets,104.0,-6.0,0
2026-02-09,Chicago Bulls,115.0,Brooklyn Nets,123.0,8.0,1
2026-02-09,Utah Jazz,115.0,Miami Heat,111.0,-4.0,0
2026-02-09,Milwaukee Bucks,99.0,Orlando Magic,118.0,19.0,1
2026-02-09,Atlanta Hawks,116.0,Minnesota Timberwolves,138.0,22.0,1
2026-02-09,Sacramento Kings,94.0,New Orleans Pelicans,120.0,26.0,1
2026-02-09,Cleveland Cavaliers,119.0,Denver Nuggets,117.0,-2.0,0
2026-02-09,Memphis Grizzlies,113.0,Golden State Warriors,114.0,1.0,1
2026-02-09,Oklahoma City Thunder,119.0,Los Angeles Lakers,110.0,-9.0,0
2026-02-09,Philadelphia 76ers,118.0,Portland Trail Blazers,135.0,17.0,1
2026-02-10,Indiana Pacers,137.0,New York Knicks,134.0,-3.0,0
2026-02-10,Los Angeles Clippers,95.0,Houston Rockets,102.0,7.0,1
2026-02-10,Dallas Mavericks,111.0,Phoenix Suns,120.0,9.0,1
2026-02-10,San Antonio Spurs,136.0,Los Angeles Lakers,108.0,-28.0,0
2026-02-11,Atlanta Hawks,107.0,Charlotte Hornets,110.0,3.0,1
2026-02-11,Washington Wizards,113.0,Cleveland Cavaliers,138.0,25.0,1
2026-02-11,Milwaukee Bucks,116.0,Orlando Magic,108.0,-8.0,0
2026-02-11,Chicago Bulls,105.0,Boston Celtics,124.0,19.0,1
2026-02-11,Indiana Pacers,115.0,Brooklyn Nets,110.0,-5.0,0
2026-02-11,New York Knicks,138.0,Philadelphia 76ers,89.0,-49.0,0
2026-02-11,Detroit Pistons,113.0,Toronto Raptors,95.0,-18.0,0
2026-02-11,Los Angeles Clippers,105.0,Houston Rockets,102.0,-3.0,0
2026-02-11,Portland Trail Blazers,109.0,Minnesota Timberwolves,133.0,24.0,1
2026-02-11,Miami Heat,123.0,New Orleans Pelicans,111.0,-12.0,0
2026-02-11,Memphis Grizzlies,116.0,Denver Nuggets,122.0,6.0,1
2026-02-11,Oklahoma City Thunder,136.0,Phoenix Suns,109.0,-27.0,0
2026-02-11,Sacramento Kings,93.0,Utah Jazz,121.0,28.0,1
2026-02-11,San Antonio Spurs,126.0,Golden State Warriors,113.0,-13.0,0
2026-02-12,Milwaukee Bucks,110.0,Oklahoma City Thunder,93.0,-17.0,0
2026-02-12,Portland Trail Blazers,135.0,Utah Jazz,119.0,-16.0,0
2026-02-12,Dallas Mavericks,104.0,Los Angeles Lakers,124.0,20.0,1
2026-02-19,Houston Rockets,105.0,Charlotte Hornets,101.0,-4.0,0
2026-02-19,Brooklyn Nets,84.0,Cleveland Cavaliers,112.0,28.0,1
2026-02-19,Atlanta Hawks,117.0,Philadelphia 76ers,107.0,-10.0,0
2026-02-19,Indiana Pacers,105.0,Washington Wizards,112.0,7.0,1
2026-02-19,Detroit Pistons,126.0,New York Knicks,111.0,-15.0,0
2026-02-19,Toronto Raptors,110.0,Chicago Bulls,101.0,-9.0,0
2026-02-19,Phoenix Suns,94.0,San Antonio Spurs,121.0,27.0,1
2026-02-19,Boston Celtics,121.0,Golden State Warriors,110.0,-11.0,0
2026-02-19,Orlando Magic,131.0,Sacramento Kings,94.0,-37.0,0
2026-02-19,Denver Nuggets,114.0,Los Angeles Clippers,115.0,1.0,1
2026-02-20,Cleveland Cavaliers,118.0,Charlotte Hornets,113.0,-5.0,0
2026-02-20,Utah Jazz,114.0,Memphis Grizzlies,123.0,9.0,1
2026-02-20,Indiana Pacers,118.0,Washington Wizards,131.0,13.0,1
2026-02-20,Miami Heat,128.0,Atlanta Hawks,97.0,-31.0,0
2026-02-20,Dallas Mavericks,111.0,Minnesota Timberwolves,122.0,11.0,1
2026-02-20,Milwaukee Bucks,139.0,New Orleans Pelicans,118.0,-21.0,0
2026-02-20,Brooklyn Nets,86.0,Oklahoma City Thunder,105.0,19.0,1
2026-02-20,Los Angeles Clippers,122.0,Los Angeles Lakers,125.0,3.0,1
2026-02-20,Denver Nuggets,157.0,Portland Trail Blazers,103.0,-54.0,0
2026-02-21,Orlando Magic,110.0,Phoenix Suns,113.0,3.0,1
2026-02-21,Philadelphia 76ers,111.0,New Orleans Pelicans,126.0,15.0,1
2026-02-21,Detroit Pistons,126.0,Chicago Bulls,110.0,-16.0,0
2026-02-21,Memphis Grizzlies,120.0,Miami Heat,136.0,16.0,1
2026-02-21,Sacramento Kings,122.0,San Antonio Spurs,139.0,17.0,1
2026-02-21,Houston Rockets,106.0,New York Knicks,108.0,2.0,1
2026-02-22,Cleveland Cavaliers,113.0,Oklahoma City Thunder,121.0,8.0,1
2026-02-22,Brooklyn Nets,104.0,Atlanta Hawks,115.0,11.0,1
2026-02-22,Denver Nuggets,117.0,Golden State Warriors,128.0,11.0,1
2026-02-22,Toronto Raptors,122.0,Milwaukee Bucks,94.0,-28.0,0
2026-02-22,Dallas Mavericks,134.0,Indiana Pacers,130.0,-4.0,0
2026-02-22,Charlotte Hornets,129.0,Washington Wizards,112.0,-17.0,0
2026-02-22,Boston Celtics,111.0,Los Angeles Lakers,89.0,-22.0,0
2026-02-22,Philadelphia 76ers,135.0,Minnesota Timberwolves,108.0,-27.0,0
2026-02-22,New York Knicks,105.0,Chicago Bulls,99.0,-6.0,0
2026-02-22,Portland Trail Blazers,92.0,Phoenix Suns,77.0,-15.0,0
2026-02-22,Orlando Magic,111.0,Los Angeles Clippers,109.0,-2.0,0
2026-02-23,San Antonio Spurs,114.0,Detroit Pistons,103.0,-11.0,0
2026-02-23,Sacramento Kings,123.0,Memphis Grizzlies,114.0,-9.0,0
2026-02-23,Utah Jazz,105.0,Houston Rockets,125.0,20.0,1
2026-02-24,Philadelphia 76ers,135.0,Indiana Pacers,114.0,-21.0,0
2026-02-24,Washington Wizards,98.0,Atlanta Hawks,119.0,21.0,1
2026-02-24,Dallas Mavericks,123.0,Brooklyn Nets,114.0,-9.0,0
2026-02-24,New York Knicks,94.0,Cleveland Cavaliers,109.0,15.0,1
2026-02-24,Oklahoma City Thunder,116.0,Toronto Raptors,107.0,-9.0,0
2026-02-24,Charlotte Hornets,131.0,Chicago Bulls,99.0,-32.0,0
2026-02-24,Miami Heat,117.0,Milwaukee Bucks,128.0,11.0,1
2026-02-24,Golden State Warriors,109.0,New Orleans Pelicans,113.0,4.0,1
2026-02-24,Boston Celtics,97.0,Phoenix Suns,81.0,-16.0,0
2026-02-24,Minnesota Timberwolves,124.0,Portland Trail Blazers,121.0,-3.0,0
2026-02-24,Orlando Magic,110.0,Los Angeles Lakers,109.0,-1.0,0
2026-02-25,Oklahoma City Thunder,116.0,Detroit Pistons,124.0,8.0,1
2026-02-25,Golden State Warriors,133.0,Memphis Grizzlies,112.0,-21.0,0
2026-02-25,San Antonio Spurs,110.0,Toronto Raptors,107.0,-3.0,0
2026-02-25,Sacramento Kings,97.0,Houston Rockets,128.0,31.0,1
2026-02-25,Cleveland Cavaliers,116.0,Milwaukee Bucks,118.0,2.0,1
2026-02-25,Boston Celtics,84.0,Denver Nuggets,103.0,19.0,1
2026-02-26,Charlotte Hornets,133.0,Indiana Pacers,109.0,-24.0,0
2026-02-26,Miami Heat,117.0,Philadelphia 76ers,124.0,7.0,1
2026-02-26,Washington Wizards,96.0,Atlanta Hawks,126.0,30.0,1
2026-02-26,San Antonio Spurs,126.0,Brooklyn Nets,110.0,-16.0,0
2026-02-26,Houston Rockets,113.0,Orlando Magic,108.0,-5.0,0
2026-02-26,Portland Trail Blazers,121.0,Chicago Bulls,112.0,-9.0,0
2026-02-26,Sacramento Kings,130.0,Dallas Mavericks,121.0,-9.0,0
2026-02-26,Los Angeles Lakers,110.0,Phoenix Suns,113.0,3.0,1
2026-02-26,New Orleans Pelicans,129.0,Utah Jazz,118.0,-11.0,0
2026-02-26,Minnesota Timberwolves,94.0,Los Angeles Clippers,88.0,-6.0,0
2026-02-27,Cleveland Cavaliers,119.0,Detroit Pistons,122.0,3.0,1
2026-02-27,Brooklyn Nets,111.0,Boston Celtics,148.0,37.0,1
2026-02-27,New York Knicks,127.0,Milwaukee Bucks,98.0,-29.0,0
2026-02-27,Memphis Grizzlies,124.0,Dallas Mavericks,105.0,-19.0,0
2026-02-27,Denver Nuggets,121.0,Oklahoma City Thunder,127.0,6.0,1
2026-02-28,Portland Trail Blazers,93.0,Charlotte Hornets,109.0,16.0,1
2026-02-28,Houston Rockets,105.0,Miami Heat,115.0,10.0,1
2026-02-28,Toronto Raptors,134.0,Washington Wizards,125.0,-9.0,0
2026-02-28,Los Angeles Lakers,129.0,Golden State Warriors,101.0,-28.0,0
2026-02-28,New Orleans Pelicans,115.0,Utah Jazz,105.0,-10.0,0
2026-03-01,San Antonio Spurs,89.0,New York Knicks,114.0,25.0,1
2026-03-01,Cleveland Cavaliers,106.0,Brooklyn Nets,102.0,-4.0,0
2026-03-01,Milwaukee Bucks,97.0,Chicago Bulls,120.0,23.0,1
2026-03-01,Minnesota Timberwolves,117.0,Denver Nuggets,108.0,-9.0,0
2026-03-01,Memphis Grizzlies,125.0,Indiana Pacers,106.0,-19.0,0
2026-03-01,Portland Trail Blazers,101.0,Atlanta Hawks,135.0,34.0,1
2026-03-01,Detroit Pistons,106.0,Orlando Magic,92.0,-14.0,0
2026-03-01,Philadelphia 76ers,98.0,Boston Celtics,114.0,16.0,1
2026-03-01,Oklahoma City Thunder,100.0,Dallas Mavericks,87.0,-13.0,0
2026-03-01,New Orleans Pelicans,117.0,Los Angeles Clippers,137.0,20.0,1
2026-03-01,Sacramento Kings,104.0,Los Angeles Lakers,128.0,24.0,1
2026-03-02,Houston Rockets,123.0,Washington Wizards,118.0,-5.0,0
2026-03-02,Boston Celtics,108.0,Milwaukee Bucks,81.0,-27.0,0
2026-03-02,Denver Nuggets,128.0,Utah Jazz,125.0,-3.0,0
2026-03-02,Los Angeles Clippers,114.0,Golden State Warriors,101.0,-13.0,0
